,knn,lg,dt,rf,svm,xgb
0,0.7187088274044796,0.7338603425559947,0.6337285902503293,0.741106719367589,0.7490118577075099,0.7378129117259552
