,knn,lg,dt,rf,svm,xgb
0,0.3310344827586207,0.7448275862068966,0.6,0.7718390804597701,0.3333333333333333,0.753448275862069
