,knn,lg,dt,rf,svm,xgb
0,0.6988505747126437,0.7097701149425287,0.6247126436781609,0.7126436781609196,0.7367816091954023,0.6994252873563218
